{
    "name": "root",
    "metadata": {
        "timer_format_version": "0.1.0",
        "start_time_seconds": "1776290402",
        "python_version": "3.7.16 (default, Jan 17 2023, 16:06:28) [MSC v.1916 64 bit (AMD64)]",
        "command_line_arguments": "C:\\Users\\Asus\\miniconda3\\envs\\unity\\Scripts\\mlagents-learn config.yaml --run-id=run8",
        "mlagents_version": "0.28.0",
        "mlagents_envs_version": "0.28.0",
        "communication_protocol_version": "1.5.0",
        "pytorch_version": "1.7.1+cu110",
        "numpy_version": "1.21.6",
        "end_time_seconds": "1776290588"
    },
    "total": 185.1714924,
    "count": 1,
    "self": 0.018288200000029065,
    "children": {
        "run_training.setup": {
            "total": 0.16635199999999983,
            "count": 1,
            "self": 0.16635199999999983
        },
        "TrainerController.start_learning": {
            "total": 184.9868522,
            "count": 1,
            "self": 0.42621579999959636,
            "children": {
                "TrainerController._reset_env": {
                    "total": 7.534700500000001,
                    "count": 1,
                    "self": 7.534700500000001
                },
                "TrainerController.advance": {
                    "total": 176.75297040000038,
                    "count": 8717,
                    "self": 0.4435523000003343,
                    "children": {
                        "env_step": {
                            "total": 158.3545473000001,
                            "count": 8717,
                            "self": 132.8522803000002,
                            "children": {
                                "SubprocessEnvManager._take_step": {
                                    "total": 25.229634599999557,
                                    "count": 8717,
                                    "self": 1.2902039999994983,
                                    "children": {
                                        "TorchPolicy.evaluate": {
                                            "total": 23.93943060000006,
                                            "count": 8717,
                                            "self": 5.9956582999995405,
                                            "children": {
                                                "TorchPolicy.sample_actions": {
                                                    "total": 17.943772300000518,
                                                    "count": 8717,
                                                    "self": 17.943772300000518
                                                }
                                            }
                                        }
                                    }
                                },
                                "workers": {
                                    "total": 0.2726324000003473,
                                    "count": 8716,
                                    "self": 0.0,
                                    "children": {
                                        "worker_root": {
                                            "total": 113.93840380000024,
                                            "count": 8716,
                                            "is_parallel": true,
                                            "self": 62.261002300000754,
                                            "children": {
                                                "steps_from_proto": {
                                                    "total": 0.006361800000000528,
                                                    "count": 1,
                                                    "is_parallel": true,
                                                    "self": 0.0022324000000004673,
                                                    "children": {
                                                        "_process_rank_one_or_two_observation": {
                                                            "total": 0.004129400000000061,
                                                            "count": 2,
                                                            "is_parallel": true,
                                                            "self": 0.004129400000000061
                                                        }
                                                    }
                                                },
                                                "UnityEnvironment.step": {
                                                    "total": 51.67103969999949,
                                                    "count": 8716,
                                                    "is_parallel": true,
                                                    "self": 1.4046813999998236,
                                                    "children": {
                                                        "UnityEnvironment._generate_step_input": {
                                                            "total": 1.3851232000002742,
                                                            "count": 8716,
                                                            "is_parallel": true,
                                                            "self": 1.3851232000002742
                                                        },
                                                        "communicator.exchange": {
                                                            "total": 44.086199299999834,
                                                            "count": 8716,
                                                            "is_parallel": true,
                                                            "self": 44.086199299999834
                                                        },
                                                        "steps_from_proto": {
                                                            "total": 4.795035799999562,
                                                            "count": 8716,
                                                            "is_parallel": true,
                                                            "self": 3.222725599999338,
                                                            "children": {
                                                                "_process_rank_one_or_two_observation": {
                                                                    "total": 1.5723102000002243,
                                                                    "count": 17432,
                                                                    "is_parallel": true,
                                                                    "self": 1.5723102000002243
                                                                }
                                                            }
                                                        }
                                                    }
                                                }
                                            }
                                        }
                                    }
                                }
                            }
                        },
                        "trainer_advance": {
                            "total": 17.954870799999952,
                            "count": 8716,
                            "self": 0.5228780000003859,
                            "children": {
                                "process_trajectory": {
                                    "total": 4.894235299999568,
                                    "count": 8716,
                                    "self": 4.894235299999568
                                },
                                "_update_policy": {
                                    "total": 12.537757499999998,