{
    "name": "root",
    "metadata": {
        "timer_format_version": "0.1.0",
        "start_time_seconds": "1776289116",
        "python_version": "3.7.16 (default, Jan 17 2023, 16:06:28) [MSC v.1916 64 bit (AMD64)]",
        "command_line_arguments": "C:\\Users\\Asus\\miniconda3\\envs\\unity\\Scripts\\mlagents-learn config.yaml --run-id=run3",
        "mlagents_version": "0.28.0",
        "mlagents_envs_version": "0.28.0",
        "communication_protocol_version": "1.5.0",
        "pytorch_version": "1.7.1+cu110",
        "numpy_version": "1.21.6",
        "end_time_seconds": "1776289196"
    },
    "total": 80.0491334,
    "count": 1,
    "self": 10.01573950000001,
    "children": {
        "run_training.setup": {
            "total": 0.15564650000000002,
            "count": 1,
            "self": 0.15564650000000002
        },
        "TrainerController.start_learning": {
            "total": 69.87774739999999,
            "count": 1,
            "self": 0.17865909999994756,
            "children": {
                "TrainerController._reset_env": {
                    "total": 6.804521899999999,
                    "count": 1,
                    "self": 6.804521899999999
                },
                "TrainerController.advance": {
                    "total": 62.528664200000044,
                    "count": 3451,
                    "self": 0.18384410000003726,
                    "children": {
                        "env_step": {
                            "total": 55.60776359999999,
                            "count": 3451,
                            "self": 45.04789060000001,
                            "children": {
                                "SubprocessEnvManager._take_step": {
                                    "total": 10.451943200000134,
                                    "count": 3452,
                                    "self": 0.5324918000000238,
                                    "children": {
                                        "TorchPolicy.evaluate": {
                                            "total": 9.91945140000011,
                                            "count": 3452,
                                            "self": 2.5196576000001674,
                                            "children": {
                                                "TorchPolicy.sample_actions": {
                                                    "total": 7.399793799999943,
                                                    "count": 3452,
                                                    "self": 7.399793799999943
                                                }
                                            }
                                        }
                                    }
                                },
                                "workers": {
                                    "total": 0.10792979999984809,
                                    "count": 3450,
                                    "self": 0.0,
                                    "children": {
                                        "worker_root": {
                                            "total": 51.59325969999984,
                                            "count": 3450,
                                            "is_parallel": true,
                                            "self": 24.856623299999963,
                                            "children": {
                                                "steps_from_proto": {
                                                    "total": 0.0017085000000003348,
                                                    "count": 2,
                                                    "is_parallel": true,
                                                    "self": 0.001274300000002171,
                                                    "children": {
                                                        "_process_rank_one_or_two_observation": {
                                                            "total": 0.00043419999999816383,
                                                            "count": 4,
                                                            "is_parallel": true,
                                                            "self": 0.00043419999999816383
                                                        }
                                                    }
                                                },
                                                "UnityEnvironment.step": {
                                                    "total": 26.734927899999878,
                                                    "count": 3450,
                                                    "is_parallel": true,
                                                    "self": 0.6016575999998572,
                                                    "children": {
                                                        "UnityEnvironment._generate_step_input": {
                                                            "total": 0.5444063999999909,
                                                            "count": 3450,
                                                            "is_parallel": true,
                                                            "self": 0.5444063999999909
                                                        },
                                                        "communicator.exchange": {
                                                            "total": 23.508403700000045,
                                                            "count": 3450,
                                                            "is_parallel": true,
                                                            "self": 23.508403700000045
                                                        },
                                                        "steps_from_proto": {
                                                            "total": 2.080460199999984,
                                                            "count": 3450,
                                                            "is_parallel": true,
                                                            "self": 1.4087892999999951,
                                                            "children": {
                                                                "_process_rank_one_or_two_observation": {
                                                                    "total": 0.671670899999989,
                                                                    "count": 6900,
                                                                    "is_parallel": true,
                                                                    "self": 0.671670899999989
                                                                }
                                                            }
                                                        }
                                                    }
                                                }
                                            }
                                        }
                                    }
                                }
                            }
                        },
                        "trainer_advance": {
                            "total": 6.737056500000014,
                            "count": 3450,
                            "self": 0.2131456000001215,
                            "children": {
                                "process_trajectory": {
                                    "total": 0.9408540999998909,
                                    "count": 3450,
                                    "self": 0.9408540999998909
                                },
                                "_update_policy": {
                                    "total": 5.583056800000001,