{
    "name": "root",
    "metadata": {
        "timer_format_version": "0.1.0",
        "start_time_seconds": "1776289370",
        "python_version": "3.7.16 (default, Jan 17 2023, 16:06:28) [MSC v.1916 64 bit (AMD64)]",
        "command_line_arguments": "C:\\Users\\Asus\\miniconda3\\envs\\unity\\Scripts\\mlagents-learn config.yaml --run-id=run5",
        "mlagents_version": "0.28.0",
        "mlagents_envs_version": "0.28.0",
        "communication_protocol_version": "1.5.0",
        "pytorch_version": "1.7.1+cu110",
        "numpy_version": "1.21.6",
        "end_time_seconds": "1776289477"
    },
    "total": 106.3933332,
    "count": 1,
    "self": 0.010495700000006991,
    "children": {
        "run_training.setup": {
            "total": 0.13262609999999997,
            "count": 1,
            "self": 0.13262609999999997
        },
        "TrainerController.start_learning": {
            "total": 106.2502114,
            "count": 1,
            "self": 0.13804279999992275,
            "children": {
                "TrainerController._reset_env": {
                    "total": 6.730095500000001,
                    "count": 1,
                    "self": 6.730095500000001
                },
                "TrainerController.advance": {
                    "total": 99.02031860000008,
                    "count": 2751,
                    "self": 0.14523850000027494,
                    "children": {
                        "env_step": {
                            "total": 94.79307969999988,
                            "count": 2751,
                            "self": 86.37794329999996,
                            "children": {
                                "SubprocessEnvManager._take_step": {
                                    "total": 8.332410800000003,
                                    "count": 2751,
                                    "self": 0.4131991000000159,
                                    "children": {
                                        "TorchPolicy.evaluate": {
                                            "total": 7.9192116999999875,
                                            "count": 2751,
                                            "self": 1.9615720000000252,
                                            "children": {
                                                "TorchPolicy.sample_actions": {
                                                    "total": 5.957639699999962,
                                                    "count": 2751,
                                                    "self": 5.957639699999962
                                                }
                                            }
                                        }
                                    }
                                },
                                "workers": {
                                    "total": 0.08272559999991458,
                                    "count": 2750,
                                    "self": 0.0,
                                    "children": {
                                        "worker_root": {
                                            "total": 35.39548270000001,
                                            "count": 2750,
                                            "is_parallel": true,
                                            "self": 18.442297000000057,
                                            "children": {
                                                "steps_from_proto": {
                                                    "total": 0.0005863999999995428,
                                                    "count": 1,
                                                    "is_parallel": true,
                                                    "self": 0.00033369999999965927,
                                                    "children": {
                                                        "_process_rank_one_or_two_observation": {
                                                            "total": 0.0002526999999998836,
                                                            "count": 2,
                                                            "is_parallel": true,
                                                            "self": 0.0002526999999998836
                                                        }
                                                    }
                                                },
                                                "UnityEnvironment.step": {
                                                    "total": 16.952599299999953,
                                                    "count": 2750,
                                                    "is_parallel": true,
                                                    "self": 0.45203500000016206,
                                                    "children": {
                                                        "UnityEnvironment._generate_step_input": {
                                                            "total": 0.4207578999999546,
                                                            "count": 2750,
                                                            "is_parallel": true,
                                                            "self": 0.4207578999999546
                                                        },
                                                        "communicator.exchange": {
                                                            "total": 14.491197699999983,
                                                            "count": 2750,
                                                            "is_parallel": true,
                                                            "self": 14.491197699999983
                                                        },
                                                        "steps_from_proto": {
                                                            "total": 1.5886086999998534,
                                                            "count": 2750,
                                                            "is_parallel": true,
                                                            "self": 1.0672218999997325,
                                                            "children": {
                                                                "_process_rank_one_or_two_observation": {
                                                                    "total": 0.5213868000001209,
                                                                    "count": 5500,
                                                                    "is_parallel": true,
                                                                    "self": 0.5213868000001209
                                                                }
                                                            }
                                                        }
                                                    }
                                                }
                                            }
                                        }
                                    }
                                }
                            }
                        },
                        "trainer_advance": {
                            "total": 4.082000399999933,
                            "count": 2750,
                            "self": 0.1626582999999826,
                            "children": {
                                "process_trajectory": {
                                    "total": 0.812075899999952,
                                    "count": 2750,
                                    "self": 0.812075899999952
                                },
                                "_update_policy": {
                                    "total": 3.107266199999998,