{"count":1,"self":347.12616959999997,"total":1560.8599546,"children":{"InitializeActuators":{"count":9,"self":0.0047869,"total":0.0047869,"children":null},"InitializeSensors":{"count":9,"self":0.0035023999999999997,"total":0.0035023999999999997,"children":null},"AgentSendState":{"count":56451,"self":4.029784,"total":195.68021,"children":{"CollectObservations":{"count":506698,"self":3.9883308,"total":3.9883309,"children":null},"WriteActionMask":{"count":506698,"self":0.89526679999999992,"total":0.89526679999999992,"children":null},"RequestDecision":{"count":506698,"self":3.5214784,"total":186.7668285,"children":{"AgentInfo.ToProto":{"count":506698,"self":4.092152,"total":183.24535,"children":{"GenerateSensorData":{"count":506698,"self":179.15320319999998,"total":179.15319789999998,"children":null}}}}}}},"DecideAction":{"count":56451,"self":1007.9583232,"total":1007.958361,"children":null},"AgentAct":{"count":56451,"self":7.6483399999999993,"total":9.3257237,"children":{"AgentInfo.ToProto":{"count":2464,"self":0.0262255,"total":1.6773837999999999,"children":{"GenerateSensorData":{"count":2464,"self":1.6511582999999999,"total":1.6511582999999999,"children":null}}}}},"AgentInfo.ToProto":{"count":1356,"self":0.020037899999999997,"total":0.75920749999999992,"children":{"GenerateSensorData":{"count":1356,"self":0.7391696,"total":0.7391696,"children":null}}}},"gauges":{"AgentBehavior.CumulativeReward":{"count":3820,"max":1.21684432,"min":-4.58907557,"runningAverage":0.446767241,"value":-0.7470638,"weightedAverage":-0.2566764}},"metadata":{"timer_format_version":"0.1.0","start_time_seconds":"1776348335","unity_version":"2022.3.5f1","command_line_arguments":"C:\\Program Files\\Unity\\Hub\\Editor\\2022.3.5f1\\Editor\\Unity.exe -projectpath C:\\Users\\Asus\\Documents\\DEIKADATTUDMSc\\thirdsemester\\advanced_rl\\advanced_RF -useHub -hubIPC -cloudEnvironment production -licensingIpc LicenseClient-Asus -hubSessionId a926c4b4-33e9-49b7-8257-7ba25706fe3b -accessToken KeeigkxeusHlyMM-P8WvyOHpR-nNIk6oRWlWTWfF84g007f","communication_protocol_version":"1.5.0","com.unity.ml-agents_version":"2.0.2","scene_name":"Forest","end_time_seconds":"1776349895"}}