{
    "name": "root",
    "metadata": {
        "timer_format_version": "0.1.0",
        "start_time_seconds": "1776289298",
        "python_version": "3.7.16 (default, Jan 17 2023, 16:06:28) [MSC v.1916 64 bit (AMD64)]",
        "command_line_arguments": "C:\\Users\\Asus\\miniconda3\\envs\\unity\\Scripts\\mlagents-learn config.yaml --run-id=run4",
        "mlagents_version": "0.28.0",
        "mlagents_envs_version": "0.28.0",
        "communication_protocol_version": "1.5.0",
        "pytorch_version": "1.7.1+cu110",
        "numpy_version": "1.21.6",
        "end_time_seconds": "1776289352"
    },
    "total": 54.3611018,
    "count": 1,
    "self": 10.0255692,
    "children": {
        "run_training.setup": {
            "total": 0.15149539999999995,
            "count": 1,
            "self": 0.15149539999999995
        },
        "TrainerController.start_learning": {
            "total": 44.1840372,
            "count": 1,
            "self": 0.0639644000000672,
            "children": {
                "TrainerController._reset_env": {
                    "total": 6.3149884,
                    "count": 1,
                    "self": 6.3149884
                },
                "TrainerController.advance": {
                    "total": 37.623261499999934,
                    "count": 1600,
                    "self": 0.06621019999993649,
                    "children": {
                        "env_step": {
                            "total": 37.11923820000003,
                            "count": 1600,
                            "self": 33.30340449999991,
                            "children": {
                                "SubprocessEnvManager._take_step": {
                                    "total": 3.7776169000000532,
                                    "count": 1601,
                                    "self": 0.18607150000006278,
                                    "children": {
                                        "TorchPolicy.evaluate": {
                                            "total": 3.5915453999999905,
                                            "count": 1601,
                                            "self": 0.8599886000000154,
                                            "children": {
                                                "TorchPolicy.sample_actions": {
                                                    "total": 2.731556799999975,
                                                    "count": 1601,
                                                    "self": 2.731556799999975
                                                }
                                            }
                                        }
                                    }
                                },
                                "workers": {
                                    "total": 0.03821680000006822,
                                    "count": 1599,
                                    "self": 0.0,
                                    "children": {
                                        "worker_root": {
                                            "total": 29.83456409999997,
                                            "count": 1599,
                                            "is_parallel": true,
                                            "self": 7.074014300000005,
                                            "children": {
                                                "steps_from_proto": {
                                                    "total": 0.001166199999999229,
                                                    "count": 2,
                                                    "is_parallel": true,
                                                    "self": 0.0007590999999997905,
                                                    "children": {
                                                        "_process_rank_one_or_two_observation": {
                                                            "total": 0.00040709999999943847,
                                                            "count": 4,
                                                            "is_parallel": true,
                                                            "self": 0.00040709999999943847
                                                        }
                                                    }
                                                },
                                                "UnityEnvironment.step": {
                                                    "total": 22.759383599999964,
                                                    "count": 1599,
                                                    "is_parallel": true,
                                                    "self": 0.23339919999998315,
                                                    "children": {
                                                        "UnityEnvironment._generate_step_input": {
                                                            "total": 0.2066310999999379,
                                                            "count": 1599,
                                                            "is_parallel": true,
                                                            "self": 0.2066310999999379
                                                        },
                                                        "communicator.exchange": {
                                                            "total": 21.52012410000002,
                                                            "count": 1599,
                                                            "is_parallel": true,
                                                            "self": 21.52012410000002
                                                        },
                                                        "steps_from_proto": {
                                                            "total": 0.7992292000000205,
                                                            "count": 1599,
                                                            "is_parallel": true,
                                                            "self": 0.5342073999999446,
                                                            "children": {
                                                                "_process_rank_one_or_two_observation": {
                                                                    "total": 0.2650218000000759,
                                                                    "count": 3198,
                                                                    "is_parallel": true,
                                                                    "self": 0.2650218000000759
                                                                }
                                                            }
                                                        }
                                                    }
                                                }
                                            }
                                        }
                                    }
                                }
                            }
                        },
                        "trainer_advance": {
                            "total": 0.437813099999973,
                            "count": 1599,
                            "self": 0.07351099999992883,
                            "children": {
                                "process_trajectory": {
                                    "total": 0.36430210000004415,
                                    "count": 1599,
                                    "self": 0.36430210000004415
                                }
                            }
                        }
                    }
                },