{
    "name": "root",
    "metadata": {
        "timer_format_version": "0.1.0",
        "start_time_seconds": "1776283574",
        "python_version": "3.7.16 (default, Jan 17 2023, 16:06:28) [MSC v.1916 64 bit (AMD64)]",
        "command_line_arguments": "C:\\Users\\Asus\\miniconda3\\envs\\unity\\Scripts\\mlagents-learn config.yaml --run-id=run1",
        "mlagents_version": "0.28.0",
        "mlagents_envs_version": "0.28.0",
        "communication_protocol_version": "1.5.0",
        "pytorch_version": "1.7.1+cu110",
        "numpy_version": "1.21.6",
        "end_time_seconds": "1776283686"
    },
    "total": 111.9152033,
    "count": 1,
    "self": 0.014331100000006813,
    "children": {
        "run_training.setup": {
            "total": 0.21515899999999988,
            "count": 1,
            "self": 0.21515899999999988
        },
        "TrainerController.start_learning": {
            "total": 111.6857132,
            "count": 1,
            "self": 0.0891844999999023,
            "children": {
                "TrainerController._reset_env": {
                    "total": 19.9499163,
                    "count": 1,
                    "self": 19.9499163
                },
                "TrainerController.advance": {
                    "total": 91.4137284000001,
                    "count": 2351,
                    "self": 0.08934390000034398,
                    "children": {
                        "env_step": {
                            "total": 88.11116299999986,
                            "count": 2351,
                            "self": 83.07589709999986,
                            "children": {
                                "SubprocessEnvManager._take_step": {
                                    "total": 4.983011699999576,
                                    "count": 2351,
                                    "self": 0.24321220000017973,
                                    "children": {
                                        "TorchPolicy.evaluate": {
                                            "total": 4.739799499999396,
                                            "count": 2351,
                                            "self": 1.1775576999992055,
                                            "children": {
                                                "TorchPolicy.sample_actions": {
                                                    "total": 3.5622418000001908,
                                                    "count": 2351,
                                                    "self": 3.5622418000001908
                                                }
                                            }
                                        }
                                    }
                                },
                                "workers": {
                                    "total": 0.05225420000041936,
                                    "count": 2350,
                                    "self": 0.0,
                                    "children": {
                                        "worker_root": {
                                            "total": 87.25655029999973,
                                            "count": 2350,
                                            "is_parallel": true,
                                            "self": 12.469135399999828,
                                            "children": {
                                                "steps_from_proto": {
                                                    "total": 0.006108799999999803,
                                                    "count": 1,
                                                    "is_parallel": true,
                                                    "self": 0.0023958999999997843,
                                                    "children": {
                                                        "_process_rank_one_or_two_observation": {
                                                            "total": 0.003712900000000019,
                                                            "count": 2,
                                                            "is_parallel": true,
                                                            "self": 0.003712900000000019
                                                        }
                                                    }
                                                },
                                                "UnityEnvironment.step": {
                                                    "total": 74.78130609999991,
                                                    "count": 2350,
                                                    "is_parallel": true,
                                                    "self": 0.3790551999996268,
                                                    "children": {
                                                        "UnityEnvironment._generate_step_input": {
                                                            "total": 0.3393881999999806,
                                                            "count": 2350,
                                                            "is_parallel": true,
                                                            "self": 0.3393881999999806
                                                        },
                                                        "communicator.exchange": {
                                                            "total": 72.79991240000003,
                                                            "count": 2350,
                                                            "is_parallel": true,
                                                            "self": 72.79991240000003
                                                        },
                                                        "steps_from_proto": {
                                                            "total": 1.26295030000027,
                                                            "count": 2350,
                                                            "is_parallel": true,
                                                            "self": 0.8426768000011222,
                                                            "children": {
                                                                "_process_rank_one_or_two_observation": {
                                                                    "total": 0.42027349999914776,
                                                                    "count": 4700,
                                                                    "is_parallel": true,
                                                                    "self": 0.42027349999914776
                                                                }
                                                            }
                                                        }
                                                    }
                                                }
                                            }
                                        }
                                    }
                                }
                            }
                        },
                        "trainer_advance": {
                            "total": 3.213221499999886,
                            "count": 2350,
                            "self": 0.10503209999987106,
                            "children": {
                                "process_trajectory": {
                                    "total": 0.4054630000000117,
                                    "count": 2350,
                                    "self": 0.4054630000000117
                                },
                                "_update_policy": {
                                    "total": 2.702726400000003,